{
  "info": {
    "minutes": 15,
    "steps": 15
  },
  "baselines": {
    "last_value": 1699.3173700404561,
    "const_vel": 1699.3173700404561
  },
  "models": {
    "RNN": {
      "hv_mae_m": 10365.291722591362,
      "hv_median_m": 7082.780290377415,
      "hv_p90_m": 23711.28318564931,
      "component_mse": 0.007359423208981752,
      "component_mae": 0.05980408191680908,
      "r2_delta": -41.74920941661971
    },
    "GRU": {
      "hv_mae_m": 3125.5331289025767,
      "hv_median_m": 2161.8490237935994,
      "hv_p90_m": 7862.386994316271,
      "component_mse": 0.0006528693484142423,
      "component_mae": 0.016947705298662186,
      "r2_delta": -2.7924997321615006
    },
    "BiGRU": {
      "hv_mae_m": 4653.888312651194,
      "hv_median_m": 3801.1251572177903,
      "hv_p90_m": 9954.294943965715,
      "component_mse": 0.001302835182286799,
      "component_mae": 0.02662353776395321,
      "r2_delta": -6.579452639703519
    },
    "LSTM": {
      "hv_mae_m": 4193.065794985788,
      "hv_median_m": 3247.1953243951098,
      "hv_p90_m": 10099.44893006683,
      "component_mse": 0.0010509409476071596,
      "component_mae": 0.024825775995850563,
      "r2_delta": -5.147561804075275
    },
    "BiLSTM": {
      "hv_mae_m": 3519.636486441684,
      "hv_median_m": 2746.5379205059553,
      "hv_p90_m": 6956.523761264897,
      "component_mse": 0.0007870291010476649,
      "component_mae": 0.020238464698195457,
      "r2_delta": -3.6125296643268214
    },
    "Conv1D_LSTM": {
      "hv_mae_m": 2873.128254766931,
      "hv_median_m": 2764.7977626477436,
      "hv_p90_m": 5050.029709510928,
      "component_mse": 0.0004133249167352915,
      "component_mae": 0.016354547813534737,
      "r2_delta": -1.3995215259418763
    }
  },
  "models_split": {
    "RNN": {
      "train": {
        "hv_mae_m": 3931.5848541470154,
        "component_mse": 0.0012939046137034893,
        "r2_delta": -0.284276001047179
      },
      "val": {
        "hv_mae_m": 17309.387319555986,
        "component_mse": 0.020168809220194817,
        "r2_delta": -1.911685754628889
      },
      "test": {
        "hv_mae_m": 10365.291722591362,
        "component_mse": 0.007359423208981752,
        "r2_delta": -41.74921006519724
      }
    },
    "GRU": {
      "train": {
        "hv_mae_m": 2554.5423925914592,
        "component_mse": 0.0008194686379283667,
        "r2_delta": 0.18589159477277406
      },
      "val": {
        "hv_mae_m": 8346.60318970738,
        "component_mse": 0.007974402979016304,
        "r2_delta": -0.15499371373331705
      },
      "test": {
        "hv_mae_m": 3125.5331289025767,
        "component_mse": 0.0006528693484142423,
        "r2_delta": -2.792499762468885
      }
    },
    "BiGRU": {
      "train": {
        "hv_mae_m": 2358.0753872411597,
        "component_mse": 0.0006881269509904087,
        "r2_delta": 0.316471975332941
      },
      "val": {
        "hv_mae_m": 8524.10780510275,
        "component_mse": 0.008540668524801731,
        "r2_delta": -0.23564664703894977
      },
      "test": {
        "hv_mae_m": 4653.888312651194,
        "component_mse": 0.001302835182286799,
        "r2_delta": -6.579452735943298
      }
    },
    "LSTM": {
      "train": {
        "hv_mae_m": 2606.721223984471,
        "component_mse": 0.0007852039998397231,
        "r2_delta": 0.22134712553422087
      },
      "val": {
        "hv_mae_m": 7600.5470026160765,
        "component_mse": 0.00787642877548933,
        "r2_delta": -0.14295082480844945
      },
      "test": {
        "hv_mae_m": 4193.065794985788,
        "component_mse": 0.0010509409476071596,
        "r2_delta": -5.147561873636298
      }
    },
    "BiLSTM": {
      "train": {
        "hv_mae_m": 2291.125528548024,
        "component_mse": 0.0007206975715234876,
        "r2_delta": 0.2847426453657089
      },
      "val": {
        "hv_mae_m": 12577.438706086981,
        "component_mse": 0.012916703708469868,
        "r2_delta": -0.8717221224677234
      },
      "test": {
        "hv_mae_m": 3519.636486441684,
        "component_mse": 0.0007870291010476649,
        "r2_delta": -3.612529719725721
      }
    },
    "Conv1D_LSTM": {
      "train": {
        "hv_mae_m": 2637.6207481697,
        "component_mse": 0.0009547385270707309,
        "r2_delta": 0.05280938894694809
      },
      "val": {
        "hv_mae_m": 8508.516528900504,
        "component_mse": 0.007816131226718426,
        "r2_delta": -0.13172368496462394
      },
      "test": {
        "hv_mae_m": 2873.128254766931,
        "component_mse": 0.0004133249167352915,
        "r2_delta": -1.3995215438846444
      }
    }
  },
  "best": "Conv1D_LSTM"
}