{
  "component_mae_m": 25.69164276123047,
  "component_mse_m2": 3513.83056640625,
  "hv_mae_m": 39.16778249039544
}