{
  "info": {
    "minutes": 10,
    "steps": 10
  },
  "baselines": {
    "last_value": 1164.4667991062258,
    "const_vel": 1164.4667991062258
  },
  "models": {
    "RNN": {
      "hv_mae_m": 10873.11270002428,
      "hv_median_m": 9329.921551262767,
      "hv_p90_m": 22191.498805117975,
      "component_mse": 0.0068633658811450005,
      "component_mae": 0.0639609768986702,
      "r2_delta": -83.89598910910678
    },
    "GRU": {
      "hv_mae_m": 2944.6449815502233,
      "hv_median_m": 2873.7262457782035,
      "hv_p90_m": 4395.845284045325,
      "component_mse": 0.00042706297244876623,
      "component_mae": 0.01754648983478546,
      "r2_delta": -4.282203911907374
    },
    "BiGRU": {
      "hv_mae_m": 4258.970281727273,
      "hv_median_m": 4368.947436144829,
      "hv_p90_m": 7739.543103312047,
      "component_mse": 0.0010007123928517103,
      "component_mae": 0.025316467508673668,
      "r2_delta": -11.391599757869924
    },
    "LSTM": {
      "hv_mae_m": 3647.080533903823,
      "hv_median_m": 2452.5041118403387,
      "hv_p90_m": 9154.670137791296,
      "component_mse": 0.0009309039451181889,
      "component_mae": 0.02155904285609722,
      "r2_delta": -10.521203498454012
    },
    "BiLSTM": {
      "hv_mae_m": 3102.0933914995785,
      "hv_median_m": 2436.3512662296075,
      "hv_p90_m": 6472.361555317279,
      "component_mse": 0.0005666827782988548,
      "component_mae": 0.018149487674236298,
      "r2_delta": -5.9924377441510215
    },
    "Conv1D_LSTM": {
      "hv_mae_m": 2355.1143461173706,
      "hv_median_m": 2412.468443368125,
      "hv_p90_m": 3876.976624063547,
      "component_mse": 0.00028579335776157677,
      "component_mae": 0.014105262234807014,
      "r2_delta": -2.538329084253311
    }
  },
  "models_split": {
    "RNN": {
      "train": {
        "hv_mae_m": 2415.1370152453674,
        "component_mse": 0.0006272203754633665,
        "r2_delta": 0.1286438984829642
      },
      "val": {
        "hv_mae_m": 13055.888533222229,
        "component_mse": 0.012308699078857899,
        "r2_delta": -1.7310193959429858
      },
      "test": {
        "hv_mae_m": 10873.11270002428,
        "component_mse": 0.0068633658811450005,
        "r2_delta": -83.89599053284499
      }
    },
    "GRU": {
      "train": {
        "hv_mae_m": 2169.6360602278087,
        "component_mse": 0.0006793960346840322,
        "r2_delta": 0.056763203880852986
      },
      "val": {
        "hv_mae_m": 5394.800497431957,
        "component_mse": 0.004602703265845776,
        "r2_delta": -0.024359503917654735
      },
      "test": {
        "hv_mae_m": 2944.6449815502233,
        "component_mse": 0.00042706297244876623,
        "r2_delta": -4.282203966642007
      }
    },
    "BiGRU": {
      "train": {
        "hv_mae_m": 6873.998744352117,
        "component_mse": 0.003361301962286234,
        "r2_delta": -3.664805301493046
      },
      "val": {
        "hv_mae_m": 6803.409690317302,
        "component_mse": 0.00563428271561861,
        "r2_delta": -0.25311784432802953
      },
      "test": {
        "hv_mae_m": 4258.970281727273,
        "component_mse": 0.0010007123928517103,
        "r2_delta": -11.391599948567508
      }
    },
    "LSTM": {
      "train": {
        "hv_mae_m": 1578.7277184123202,
        "component_mse": 0.00046465519699268043,
        "r2_delta": 0.3553326327460883
      },
      "val": {
        "hv_mae_m": 7482.215191691773,
        "component_mse": 0.006085291039198637,
        "r2_delta": -0.3526499366082172
      },
      "test": {
        "hv_mae_m": 3647.080533903823,
        "component_mse": 0.0009309039451181889,
        "r2_delta": -10.52120366361056
      }
    },
    "BiLSTM": {
      "train": {
        "hv_mae_m": 2861.736361354667,
        "component_mse": 0.0008844794356264174,
        "r2_delta": -0.22820387742779058
      },
      "val": {
        "hv_mae_m": 7031.602080500486,
        "component_mse": 0.00583161786198616,
        "r2_delta": -0.29921432141072857
      },
      "test": {
        "hv_mae_m": 3102.0933914995785,
        "component_mse": 0.0005666827782988548,
        "r2_delta": -5.992437833303487
      }
    },
    "Conv1D_LSTM": {
      "train": {
        "hv_mae_m": 4017.6739448257345,
        "component_mse": 0.00124150060582906,
        "r2_delta": -0.7263009635408662
      },
      "val": {
        "hv_mae_m": 5861.721274467908,
        "component_mse": 0.00475376658141613,
        "r2_delta": -0.0571607747419538
      },
      "test": {
        "hv_mae_m": 2355.1143461173706,
        "component_mse": 0.00028579335776157677,
        "r2_delta": -2.538329106989661
      }
    }
  },
  "best": "Conv1D_LSTM"
}