{
  "baselines": {
    "last_value": 126.91955470986282,
    "const_vel": 126.91955470986282
  },
  "models": {
    "RNN": {
      "hv_mae_m": 7983.392987069988,
      "hv_median_m": 6535.901091813674,
      "hv_p90_m": 16436.63917341118,
      "component_mse": 0.004046551883220673,
      "component_mae": 0.046105992048978806,
      "r2_delta": -4210.301420628797
    },
    "GRU": {
      "hv_mae_m": 2634.9280688576873,
      "hv_median_m": 2055.194770417372,
      "hv_p90_m": 6014.487719604732,
      "component_mse": 0.0004373063566163182,
      "component_mae": 0.01517289225012064,
      "r2_delta": -451.30757549689025
    },
    "BiGRU": {
      "hv_mae_m": 3729.2145901739436,
      "hv_median_m": 3126.1460401742215,
      "hv_p90_m": 6196.1172521163135,
      "component_mse": 0.0007631226908415556,
      "component_mae": 0.02150343917310238,
      "r2_delta": -794.7573259986942
    },
    "LSTM": {
      "hv_mae_m": 1846.9625720029558,
      "hv_median_m": 1373.6640891574132,
      "hv_p90_m": 3174.6849490764803,
      "component_mse": 0.00021808418387081474,
      "component_mae": 0.010475289076566696,
      "r2_delta": -225.80437252450116
    },
    "BiLSTM": {
      "hv_mae_m": 2177.930248937719,
      "hv_median_m": 2054.0894808194225,
      "hv_p90_m": 3868.459787747813,
      "component_mse": 0.0002641607716213912,
      "component_mae": 0.012405462563037872,
      "r2_delta": -274.39908528750834
    },
    "Conv1D_LSTM": {
      "hv_mae_m": 623.9767401632271,
      "hv_median_m": 556.4935483032284,
      "hv_p90_m": 1117.9268911432748,
      "component_mse": 2.13204348256113e-05,
      "component_mae": 0.003621225245296955,
      "r2_delta": -21.180233382163465
    }
  },
  "models_split": {
    "RNN": {
      "train": {
        "hv_mae_m": 2187.644916287145,
        "component_mse": 0.0005217276629991829,
        "r2_delta": -2.422937839708667
      },
      "val": {
        "hv_mae_m": 5308.897648218568,
        "component_mse": 0.0027131857350468636,
        "r2_delta": -5.48281985743951
      },
      "test": {
        "hv_mae_m": 7983.392987069988,
        "component_mse": 0.004046551883220673,
        "r2_delta": -4210.30148925896
      }
    },
    "GRU": {
      "train": {
        "hv_mae_m": 1314.2402474737933,
        "component_mse": 0.000260520406300202,
        "r2_delta": -0.7002216990808638
      },
      "val": {
        "hv_mae_m": 3926.3700111562416,
        "component_mse": 0.001223855302669108,
        "r2_delta": -1.9082128705694377
      },
      "test": {
        "hv_mae_m": 2634.9280688576873,
        "component_mse": 0.0004373063566163182,
        "r2_delta": -451.3075797959074
      }
    },
    "BiGRU": {
      "train": {
        "hv_mae_m": 1439.2343519427204,
        "component_mse": 0.00026572259957902133,
        "r2_delta": -0.7401216070162702
      },
      "val": {
        "hv_mae_m": 6954.880901537646,
        "component_mse": 0.003084567142650485,
        "r2_delta": -6.441432022128492
      },
      "test": {
        "hv_mae_m": 3729.2145901739436,
        "component_mse": 0.0007631226908415556,
        "r2_delta": -794.757335584195
      }
    },
    "LSTM": {
      "train": {
        "hv_mae_m": 1121.298853100909,
        "component_mse": 0.00023492144828196615,
        "r2_delta": -0.5330190338696787
      },
      "val": {
        "hv_mae_m": 2611.521410535631,
        "component_mse": 0.0007641754345968366,
        "r2_delta": -0.8264877938350084
      },
      "test": {
        "hv_mae_m": 1846.9625720029558,
        "component_mse": 0.00021808418387081474,
        "r2_delta": -225.80437640401448
      }
    },
    "BiLSTM": {
      "train": {
        "hv_mae_m": 1069.739436409358,
        "component_mse": 0.00020549124747049063,
        "r2_delta": -0.34176970249617034
      },
      "val": {
        "hv_mae_m": 2758.130704646875,
        "component_mse": 0.000978791038505733,
        "r2_delta": -1.3387448130411213
      },
      "test": {
        "hv_mae_m": 2177.930248937719,
        "component_mse": 0.0002641607716213912,
        "r2_delta": -274.39908906353367
      }
    },
    "Conv1D_LSTM": {
      "train": {
        "hv_mae_m": 475.7097752678904,
        "component_mse": 0.00014682409528177232,
        "r2_delta": 0.04310229420672529
      },
      "val": {
        "hv_mae_m": 1067.3812209334299,
        "component_mse": 0.00044589981553144753,
        "r2_delta": -0.06262470901632256
      },
      "test": {
        "hv_mae_m": 623.9767401632271,
        "component_mse": 2.13204348256113e-05,
        "r2_delta": -21.180233703108243
      }
    }
  },
  "best": "Conv1D_LSTM"
}