{
  "info": {
    "minutes": 5,
    "steps": 5
  },
  "baselines": {
    "last_value": 603.7077977844093,
    "const_vel": 603.7077977844093
  },
  "models": {
    "RNN": {
      "hv_mae_m": 12569.962459500306,
      "hv_median_m": 8859.566497877575,
      "hv_p90_m": 29331.793628707703,
      "component_mse": 0.010727491229772568,
      "component_mae": 0.07152624428272247,
      "r2_delta": -496.34881426202264
    },
    "GRU": {
      "hv_mae_m": 2834.579342525277,
      "hv_median_m": 1910.42854152242,
      "hv_p90_m": 6556.628669886516,
      "component_mse": 0.0005783290253020823,
      "component_mae": 0.016923433169722557,
      "r2_delta": -25.569288389242438
    },
    "BiGRU": {
      "hv_mae_m": 5908.741684093669,
      "hv_median_m": 5540.905803392263,
      "hv_p90_m": 9878.867933993799,
      "component_mse": 0.001733073266223073,
      "component_mae": 0.034526437520980835,
      "r2_delta": -79.03971436193734
    },
    "LSTM": {
      "hv_mae_m": 3419.321285965752,
      "hv_median_m": 3346.028113906508,
      "hv_p90_m": 7413.353671440679,
      "component_mse": 0.0007362100877799094,
      "component_mae": 0.019535614177584648,
      "r2_delta": -33.11308680957352
    },
    "BiLSTM": {
      "hv_mae_m": 3419.191051306232,
      "hv_median_m": 3173.4509625065234,
      "hv_p90_m": 5820.249884796925,
      "component_mse": 0.0006212053704075515,
      "component_mae": 0.019590580835938454,
      "r2_delta": -27.612019880199
    },
    "Conv1D_LSTM": {
      "hv_mae_m": 2050.239245969629,
      "hv_median_m": 1756.2192164714943,
      "hv_p90_m": 4334.310336782675,
      "component_mse": 0.0002669863752089441,
      "component_mae": 0.011954652145504951,
      "r2_delta": -11.213780677229325
    }
  },
  "models_split": {
    "RNN": {
      "train": {
        "hv_mae_m": 3924.526609859476,
        "component_mse": 0.0013084838865324855,
        "r2_delta": -1.861986901912449
      },
      "val": {
        "hv_mae_m": 14131.836213716668,
        "component_mse": 0.012942426837980747,
        "r2_delta": -5.0042267755026515
      },
      "test": {
        "hv_mae_m": 12569.962459500306,
        "component_mse": 0.010727491229772568,
        "r2_delta": -496.34882325289954
      }
    },
    "GRU": {
      "train": {
        "hv_mae_m": 1771.2506756467603,
        "component_mse": 0.00047180341789498925,
        "r2_delta": -0.03224984955280563
      },
      "val": {
        "hv_mae_m": 3426.8590846767647,
        "component_mse": 0.002537335501983762,
        "r2_delta": -0.16473876490315265
      },
      "test": {
        "hv_mae_m": 2834.579342525277,
        "component_mse": 0.0005783290253020823,
        "r2_delta": -25.569288665234243
      }
    },
    "BiGRU": {
      "train": {
        "hv_mae_m": 3064.741112008026,
        "component_mse": 0.0008561882423236966,
        "r2_delta": -0.8789391345748345
      },
      "val": {
        "hv_mae_m": 5829.315661480312,
        "component_mse": 0.003345322562381625,
        "r2_delta": -0.5333967455348017
      },
      "test": {
        "hv_mae_m": 5908.741684093669,
        "component_mse": 0.001733073266223073,
        "r2_delta": -79.0397152371127
      }
    },
    "LSTM": {
      "train": {
        "hv_mae_m": 2192.575562860348,
        "component_mse": 0.0006513645057566464,
        "r2_delta": -0.42145295919085335
      },
      "val": {
        "hv_mae_m": 3209.6436564469595,
        "component_mse": 0.0023108322639018297,
        "r2_delta": -0.060180847667865356
      },
      "test": {
        "hv_mae_m": 3419.321285965752,
        "component_mse": 0.0007362100877799094,
        "r2_delta": -33.11308723596657
      }
    },
    "BiLSTM": {
      "train": {
        "hv_mae_m": 1979.8850196995195,
        "component_mse": 0.0005476263468153775,
        "r2_delta": -0.19791653897935735
      },
      "val": {
        "hv_mae_m": 7372.6170119371245,
        "component_mse": 0.004350324627012014,
        "r2_delta": -1.0061218213043301
      },
      "test": {
        "hv_mae_m": 3419.191051306232,
        "component_mse": 0.0006212053704075515,
        "r2_delta": -27.612020260415438
      }
    },
    "Conv1D_LSTM": {
      "train": {
        "hv_mae_m": 1547.5691482462646,
        "component_mse": 0.0004889708943665028,
        "r2_delta": -0.06922724108275857
      },
      "val": {
        "hv_mae_m": 3465.1240207546984,
        "component_mse": 0.002328169299289584,
        "r2_delta": -0.06820005185766442
      },
      "test": {
        "hv_mae_m": 2050.239245969629,
        "component_mse": 0.0002669863752089441,
        "r2_delta": -11.21378084162895
      }
    }
  },
  "best": "Conv1D_LSTM"
}